Year,Facility,City ,State ,Zip Code Region,Address,CO2 Emissions,CH4 Emissions,N2O Emissions,Category
2020,Ford,Claycomo,MO,64100,8121 NE Highway 69,66335.9,31.25,37.25,high emitter
2020,Ford,Louisville,KY,40200,3001 Chamberlain Lane,74042.2,35,41.72,high emitter
2020,Ford,Louisville,KY,40200,2000 Fern Valley Road,45889.7,21.5,25.63,low emitter
2020,Ford,Wayne,MI,48100,38303 Michigan Avenue,55858.4,26.25,31.59,high emitter
2020,Ford,AVON LAKE,OH,44000,650 MILLER ROAD,27046.3,12.75,15.2,low emitter
2020,Ford,Dearborn,MI,48100,2450 Carroll Shelby Way,25656.5,12,14.3,low emitter
2020,Ford,Dearborn,MI,48100,3001 Miller Road,61435.1,29,34.57,high emitter
2020,Ford,Sterling Heights,MI,48300,39000 Mound Road,25140,11.75,14.01,low emitter
2020,General Motors,MILFORD,MI,48300,3300 GENERAL MOTORS RD. MC 483-340-141,25865.4,12.25,14.6,low emitter
2020,General Motors,KANSAS CITY,KS,66100,3201 FAIRFAX TRFCWY.,28794.3,13.5,16.09,low emitter
2020,General Motors,ROANOKE,IN,46700,12200 LAFAYETTE CENTER RD,43884,64.75,127.84,low emitter
2020,General Motors,LANSING,MI,48900,8175 MILLETT HWY,37284.3,17.5,20.86,low emitter
2020,General Motors,BEDFORD,IN,47400,105 GM DRIVE,44388,9030.25,24.73,low emitter
2020,General Motors,SAGINAW,MI,48600,1629 NORTH WASHINGTON AVENUE,25488.7,6208.75,14.3,low emitter
2020,FCA,Belvidere,IL,61000,3000 West Chrysler Drive,53736.8,25.25,30.1,high emitter
2020,FCA,Auburn Hills,MI,48300,800 Chrysler Drive,41684,19.75,23.54,low emitter
2020,FCA,Detroit,MI,48200,4000 St Jean,15161.9,7.25,8.64,low emitter
2020,FCA,DETROIT,MI,48200,2101 CONNER AVENUE,68519.1,32.25,38.44,high emitter
2020,FCA,KOKOMO,IN,46900,1001 E. BOULEVARD,32234.3,15.25,18.18,low emitter
2020,FCA,KOKOMO,IN,46900,2401 S REED RD,17828.7,8.5,10.13,low emitter
2020,FCA,STERLING HTS,MI,48300,38111 VAN DYKE,80156.2,37.75,45,high emitter
2020,FCA,STERLING HTS,MI,48300,7150 METROPOLITAN PARKWAY,564.2,0.25,0.3,low emitter
2020,FCA,STERLING HEIGHTS,MI,48300,35777 VAN DYKE,8569.3,4,4.77,low emitter
2020,FCA,TOLEDO,OH,43600,4400 CHRYSLER DRIVE,71436.7,33.75,40.23,high emitter
2020,FCA,WARREN,MI,48000,22800 MOUND RD.,6335.9,3,3.58,low emitter
2020,FCA,WARREN,MI,48000,21500 MOUND ROAD,67103,31.5,37.55,high emitter
2020,FCA,Warren,MI,48000,21035 Sherwood Avenue,4910.4,2.25,2.68,low emitter
2020,Tesla,Fremont,CA,94500,45500 Fremont Boulevard,28046.5,13.25,15.79,low emitter
2020,GMC,ARLINGTON,TX,76000,2525 EAST ABRAM STREET,50367.6,23.75,28.31,high emitter
2019,Ford,Claycomo,MO,64100,8121 NE Highway 69,82656.9,39,46.49,high emitter
2019,Ford,Louisville,KY,40200,3001 Chamberlain Lane,85020.4,40,47.68,high emitter
2019,Ford,Louisville,KY,40200,2000 Fern Valley Road,60321.4,28.5,33.97,high emitter
2019,Ford,Wayne,MI,48100,38303 Michigan Avenue,73314.5,34.75,41.42,high emitter
2019,Ford,AVON LAKE,OH,44000,650 MILLER ROAD,33141.2,15.5,18.48,low emitter
2019,Ford,Dearborn,MI,48100,2450 Carroll Shelby Way,68171.1,32,38.14,high emitter
2019,Ford,Dearborn,MI,48100,3001 Miller Road,78815.3,37.25,44.4,high emitter
2019,Ford,SHARONVILLE,OH,45200,3000 SHARON ROAD,8372.9,4,5.07,low emitter
2019,Ford,Sterling Heights,MI,48300,39000 Mound Road,31781.6,15,17.88,low emitter
2019,Ford,Chicago,IL,60600,12600 S. Torrence Avenue,56863.3,26.75,31.89,high emitter
2019,Ford,FLAT ROCK,MI,48100,1 INTERNATIONAL DR.,54257.4,25.5,30.4,high emitter
2019,General Motors,MILFORD,MI,48300,3300 GENERAL MOTORS RD. MC 483-340-141,28357.4,13.25,15.79,low emitter
2019,General Motors,KANSAS CITY,KS,66100,3201 FAIRFAX TRFCWY.,31275.1,14.75,17.58,low emitter
2019,General Motors,ROANOKE,IN,46700,12200 LAFAYETTE CENTER RD,53974.7,68.75,131.42,high emitter
2019,General Motors,LANSING,MI,48900,8175 MILLETT HWY,43395.5,20.5,24.44,low emitter
2019,General Motors,BEDFORD,IN,47400,105 GM DRIVE,40678,9397,23.84,low emitter
2019,General Motors,WARREN,OH,44400,2300 HALLOCK YOUNG ROAD,26111.5,12.25,14.6,low emitter
2019,General Motors,DETROIT,MI,48200,2500 EAST GENERAL MOTORS BOULEVARD,50040.3,4.5,5.36,high emitter
2019,General Motors,SAGINAW,MI,48600,1629 NORTH WASHINGTON AVENUE,33285.1,6269.75,18.77,low emitter
2019,General Motors,Lake Orion,MI,48300,4555 Giddings Road,21721.7,34,67.94,low emitter
2019,General Motors,Wentzville,MO,63300,1500 East Route A,86096.2,40.5,48.28,high emitter
2019,General Motors,Spring Hill,TN,37100,100 Saturn Parkway,36217.7,17,20.26,low emitter
2019,FCA,Belvidere,IL,61000,3000 West Chrysler Drive,72054.1,34,40.53,high emitter
2019,FCA,Auburn Hills,MI,48300,800 Chrysler Drive,48052,22.75,27.12,high emitter
2019,FCA,Detroit,MI,48200,4000 St Jean,2571.4,1.25,1.49,low emitter
2019,FCA,DETROIT,MI,48200,2101 CONNER AVENUE,80489.8,38,45.3,high emitter
2019,FCA,KOKOMO,IN,46900,1001 E. BOULEVARD,34448.7,16.25,19.37,low emitter
2019,FCA,KOKOMO,IN,46900,2401 S REED RD,20392.7,9.5,11.32,low emitter
2019,FCA,STERLING HTS,MI,48300,38111 VAN DYKE,96579.9,45.5,54.24,high emitter
2019,FCA,STERLING HEIGHTS,MI,48300,7150 METROPOLITAN PARKWAY,404.4,0.25,0.3,low emitter
2019,FCA,STERLING HEIGHTS,MI,48300,35777 VAN DYKE,9213.6,4.25,5.07,low emitter
2019,FCA,TOLEDO,OH,43600,4400 CHRYSLER DRIVE,86730.5,40.75,48.57,high emitter
2019,FCA,WARREN,MI,48000,22800 MOUND RD.,6188.3,3,3.58,low emitter
2019,FCA,WARREN,MI,48000,21500 MOUND ROAD,85046.4,40,47.68,high emitter
2019,FCA,Warren,MI,48000,21035 Sherwood Avenue,5842,2.75,3.28,low emitter
2019,Tesla,Fremont,CA,94500,45500 Fremont Boulevard,23588.7,11,13.11,low emitter
2019,GMC,ARLINGTON,TX,76000,2525 EAST ABRAM STREET,45494.9,21.5,25.63,low emitter
2018,Ford,Claycomo,MO,64100,8121 NE Highway 69,89293.2,42,50.06,high emitter
2018,Ford,Louisville,KY,40200,3001 Chamberlain Lane,89671.9,42.25,50.36,high emitter
2018,Ford,Livonia,MI,48100,36200 Plymouth Road,12571.1,6,7.15,low emitter
2018,Ford,Louisville,KY,40200,2000 Fern Valley Road,64536.7,30.5,36.36,high emitter
2018,Ford,Wayne,MI,48100,38303 Michigan Avenue,64579.2,30.5,36.36,high emitter
2018,Ford,AVON LAKE,OH,44000,650 MILLER ROAD,33671,15.75,18.77,low emitter
2018,Ford,Dearborn,MI,48100,2450 Carroll Shelby Way,70435,33.25,39.63,high emitter
2018,Ford,Dearborn,MI,48100,3001 Miller Road,81445.5,38.25,45.59,high emitter
2018,Ford,SHARONVILLE,OH,45200,3000 SHARON ROAD,9273,4.25,5.07,low emitter
2018,Ford,Sterling Heights,MI,48300,39000 Mound Road,32736.8,15.5,18.48,low emitter
2018,Ford,Chicago,IL,60600,12600 S. Torrence Avenue,61465.5,29,34.57,high emitter
2018,Ford,FLAT ROCK,MI,48100,1 INTERNATIONAL DR.,52327.7,24.75,29.5,high emitter
2018,General Motors,MILFORD,MI,48300,3300 GENERAL MOTORS RD. MC 483-340-141,28699,13.5,16.39,low emitter
2018,General Motors,KANSAS CITY,KS,66100,3201 FAIRFAX TRFCWY.,31416.6,14.75,17.58,low emitter
2018,General Motors,ROANOKE,IN,46700,12200 LAFAYETTE CENTER RD,57479.4,87.25,173.44,high emitter
2018,General Motors,LANSING,MI,48900,8175 MILLETT HWY,48999.9,23,27.42,high emitter
2018,General Motors,BEDFORD,IN,47400,105 GM DRIVE,38036,9778,21.46,low emitter
2018,General Motors,WARREN,OH,44400,2300 HALLOCK YOUNG ROAD,56769.7,26.75,31.89,high emitter
2018,General Motors,DETROIT,MI,48200,2500 EAST GENERAL MOTORS BOULEVARD,5571.4,5,5.96,low emitter
2018,General Motors,SAGINAW,MI,48600,1629 NORTH WASHINGTON AVENUE,36169.9,6702.75,20.26,low emitter
2018,General Motors,Lake Orion,MI,48300,4555 Giddings Road,25435.6,35.25,69.14,low emitter
2018,General Motors,Wentzville,MO,63300,1500 East Route A,81476.2,38.5,45.89,high emitter
2018,General Motors,Spring Hill,TN,37100,100 Saturn Parkway,39553.1,18.75,22.35,low emitter
2018,FCA,Belvidere,IL,61000,3000 West Chrysler Drive,75682.9,35.75,42.61,high emitter
2018,FCA,Auburn Hills,MI,48300,800 Chrysler Drive,44125.3,20.75,24.73,low emitter
2018,FCA,DETROIT,MI,48200,2101 CONNER AVENUE,78803.3,37.25,44.4,high emitter
2018,FCA,KOKOMO,IN,46900,1001 E. BOULEVARD,34454.1,16.25,19.37,low emitter
2018,FCA,KOKOMO,IN,46900,2401 S REED RD,19918.8,9.5,11.32,low emitter
2018,FCA,STERLING HTS,MI,48300,38111 VAN DYKE,91962.2,43.25,51.55,high emitter
2018,FCA,STERLING HEIGHTS,MI,48300,7150 METROPOLITAN PARKWAY,507.4,0.25,0.3,low emitter
2018,FCA,STERLING HEIGHTS,MI,48300,35777 VAN DYKE,9217.3,4.25,5.07,low emitter
2018,FCA,TOLEDO,OH,43600,4400 CHRYSLER DRIVE,90535.4,42.75,50.96,high emitter
2018,FCA,WARREN,MI,48000,22800 MOUND RD.,7005.2,3.25,3.87,low emitter
2018,FCA,WARREN,MI,48000,21500 MOUND ROAD,99110.5,46.75,55.73,high emitter
2018,FCA,Warren,MI,48000,21035 Sherwood Avenue,6103.6,3,3.58,low emitter
2018,Tesla,Fremont,CA,94500,45500 Fremont Boulevard,22025.2,10.5,12.52,low emitter
2018,GMC,ARLINGTON,TX,76000,2525 EAST ABRAM STREET,51983.2,24.5,29.2,high emitter
2017,Ford,Claycomo,MO,64100,8121 NE Highway 69,78258.6,36.75,43.81,high emitter
2017,Ford,Louisville,KY,40200,3001 Chamberlain Lane,85097.3,40,47.68,high emitter
2017,Ford,Livonia,MI,48100,36200 Plymouth Road,10691.4,5,5.96,low emitter
2017,Ford,Louisville,KY,40200,2000 Fern Valley Road,61585.1,29,34.57,high emitter
2017,Ford,Wayne,MI,48100,38303 Michigan Avenue,57082.6,30.75,41.12,high emitter
2017,Ford,AVON LAKE,OH,44000,650 MILLER ROAD,33408,15.75,18.77,low emitter
2017,Ford,Dearborn,MI,48100,2450 Carroll Shelby Way,65940.2,31,36.95,high emitter
2017,Ford,Dearborn,MI,48100,3001 Miller Road,74431,35,41.72,high emitter
2017,Ford,SHARONVILLE,OH,45200,3000 SHARON ROAD,10864.1,5,5.96,low emitter
2017,Ford,Sterling Heights,MI,48300,39000 Mound Road,29481.2,14,16.69,low emitter
2017,Ford,Chicago,IL,60600,12600 S. Torrence Avenue,54585.1,25.75,30.69,high emitter
2017,Ford,FLAT ROCK,MI,48100,1 INTERNATIONAL DR.,55116,26,30.99,high emitter
2017,General Motors,MILFORD,MI,48300,3300 GENERAL MOTORS RD. MC 483-340-141,26328.5,12.5,14.9,low emitter
2017,General Motors,KANSAS CITY,KS,66100,3201 FAIRFAX TRFCWY.,26655.3,12.5,14.9,low emitter
2017,General Motors,ROANOKE,IN,46700,12200 LAFAYETTE CENTER RD,62799.9,92.75,183.57,high emitter
2017,General Motors,LANSING,MI,48900,8175 MILLETT HWY,44162.9,20.75,24.73,low emitter
2017,General Motors,BEDFORD,IN,47400,105 GM DRIVE,35471.2,10175,19.97,low emitter
2017,General Motors,WARREN,OH,44400,2300 HALLOCK YOUNG ROAD,49681.5,23.5,28.01,high emitter
2017,General Motors,DETROIT,MI,48200,2500 EAST GENERAL MOTORS BOULEVARD,9269.9,4.25,5.07,low emitter
2017,General Motors,SAGINAW,MI,48600,1629 NORTH WASHINGTON AVENUE,40196.4,6974,22.65,low emitter
2017,General Motors,Kokomo,IN,46900,2100 E. Lincoln Road,8348.1,4,178.5,low emitter
2017,General Motors,Lake Orion,MI,48300,4555 Giddings Road,22863.6,32.5,63.47,low emitter
2017,General Motors,Wentzville,MO,63300,1500 East Route A,84716.7,40,47.68,high emitter
2017,General Motors,Spring Hill,TN,37100,100 Saturn Parkway,38056.8,18,21.46,low emitter
2017,FCA,Belvidere,IL,61000,3000 West Chrysler Drive,66494.2,31.25,37.25,high emitter
2017,FCA,Auburn Hills,MI,48300,800 Chrysler Drive,42125.2,19.75,23.54,low emitter
2017,FCA,DETROIT,MI,48200,2101 CONNER AVENUE,79548,37.5,44.7,high emitter
2017,FCA,KOKOMO,IN,46900,1001 E. BOULEVARD,28813.7,13.5,16.09,low emitter
2017,FCA,KOKOMO,IN,46900,2401 S REED RD,19711.8,9.25,11.03,low emitter
2017,FCA,STERLING HTS,MI,48300,38111 VAN DYKE,42252.3,20,23.84,low emitter
2017,FCA,STERLING HEIGHTS,MI,48300,35777 VAN DYKE,8728.4,4,4.77,low emitter
2017,FCA,TOLEDO,OH,43600,4400 CHRYSLER DRIVE,81007.5,38.25,45.59,high emitter
2017,FCA,WARREN,MI,48000,22800 MOUND RD.,4790.9,2.25,2.68,low emitter
2017,FCA,WARREN,MI,48000,21500 MOUND ROAD,101326.3,47.75,56.92,high emitter
2017,FCA,Warren,MI,48000,21035 Sherwood Avenue,5504.8,2.5,2.98,low emitter
2017,Tesla,Fremont,CA,94500,45500 Fremont Boulevard,22142.6,10.5,12.52,low emitter
2017,GMC,ARLINGTON,TX,76000,2525 EAST ABRAM STREET,45055.3,21.25,25.33,low emitter
2016,Ford,Claycomo,MO,64100,8121 NE Highway 69,81706.8,38.5,45.89,high emitter
2016,Ford,Louisville,KY,40200,3001 Chamberlain Lane,92922.8,43.75,52.15,high emitter
2016,Ford,Livonia,MI,48100,36200 Plymouth Road,13605.6,6.5,7.75,low emitter
2016,Ford,Louisville,KY,40200,2000 Fern Valley Road,67351.3,31.75,37.85,high emitter
2016,Ford,Wayne,MI,48100,38303 Michigan Avenue,50512.5,36,57.22,high emitter
2016,Ford,AVON LAKE,OH,44000,650 MILLER ROAD,39086.1,18.5,22.05,low emitter
2016,Ford,Dearborn,MI,48100,2450 Carroll Shelby Way,73256.7,34.5,41.12,high emitter
2016,Ford,Dearborn,MI,48100,3001 Miller Road,70117.8,33,39.34,high emitter
2016,Ford,SHARONVILLE,OH,45200,3000 SHARON ROAD,15224.6,7.25,8.64,low emitter
2016,Ford,Sterling Heights,MI,48300,39000 Mound Road,32537.2,15.25,18.18,low emitter
2016,Ford,Chicago,IL,60600,12600 S. Torrence Avenue,53059.5,25,29.8,high emitter
2016,Ford,FLAT ROCK,MI,48100,1 INTERNATIONAL DR.,59382,28,33.38,high emitter
2016,General Motors,MILFORD,MI,48300,3300 GENERAL MOTORS RD. MC 483-340-141,25256,12,14.3,low emitter
2016,General Motors,KANSAS CITY,KS,66100,3201 FAIRFAX TRFCWY.,34668.5,16.25,19.37,low emitter
2016,General Motors,ROANOKE,IN,46700,12200 LAFAYETTE CENTER RD,59503.7,84.25,165.39,high emitter
2016,General Motors,LANSING,MI,48900,8175 MILLETT HWY,43241.2,20.25,24.14,low emitter
2016,General Motors,BEDFORD,IN,47400,105 GM DRIVE,37909.4,10590.5,21.16,low emitter
2016,General Motors,WARREN,OH,44400,2300 HALLOCK YOUNG ROAD,61779.4,29,34.57,high emitter
2016,General Motors,DETROIT,MI,48200,2500 EAST GENERAL MOTORS BOULEVARD,16290.8,7.75,9.24,low emitter
2016,General Motors,SAGINAW,MI,48600,1629 NORTH WASHINGTON AVENUE,39325,7239,22.05,low emitter
2016,FCA,Belvidere,IL,61000,3000 West Chrysler Drive,67233,31.75,37.85,high emitter
2016,FCA,Auburn Hills,MI,48300,800 Chrysler Drive,45451,21.5,25.63,low emitter
2016,FCA,DETROIT,MI,48200,2101 CONNER AVENUE,76103,36,42.91,high emitter
2016,FCA,KOKOMO,IN,46900,1001 E. BOULEVARD,29646,14,16.69,low emitter
2016,FCA,KOKOMO,IN,46900,2401 S REED RD,22227,10.5,12.52,low emitter
2016,FCA,STERLING HTS,MI,48300,38111 VAN DYKE,33925,16,19.07,low emitter
2016,FCA,STERLING HEIGHTS,MI,48300,7150 METROPOLITAN PARKWAY,223,5.35,8.95,low emitter
2016,FCA,STERLING HEIGHTS,MI,48300,35777 VAN DYKE,10551,5,5.96,low emitter
2016,FCA,TOLEDO,OH,43600,4400 CHRYSLER DRIVE,82675,39,46.49,high emitter
2016,FCA,WARREN,MI,48000,22800 MOUND RD.,4758,2.25,2.68,low emitter
2016,FCA,WARREN,MI,48000,21500 MOUND ROAD,105859,50,59.6,high emitter
2016,FCA,Warren,MI,48000,21035 Sherwood Avenue,5525,2.5,2.98,low emitter
2016,Tesla,Fremont,CA,94500,45500 Fremont Boulevard,27582.3,13,15.5,low emitter
2016,GMC,ARLINGTON,TX,76000,2525 EAST ABRAM STREET,45542.3,21.5,25.63,low emitter
2015,Ford,Claycomo,MO,64100,8121 NE Highway 69,90515.6,42.75,50.96,high emitter
2015,Ford,Louisville,KY,40200,3001 Chamberlain Lane,86691.8,40.75,48.57,high emitter
2015,Ford,Livonia,MI,48100,36200 Plymouth Road,18020.4,8.5,10.13,low emitter
2015,Ford,Louisville,KY,40200,2000 Fern Valley Road,61482.7,29,34.57,high emitter
2015,Ford,Wayne,MI,48100,38303 Michigan Avenue,66318.3,40,57.51,high emitter
2015,Ford,AVON LAKE,OH,44000,650 MILLER ROAD,37028.6,17.5,20.86,low emitter
2015,Ford,Dearborn,MI,48100,2450 Carroll Shelby Way,77982.5,36.75,43.81,high emitter
2015,Ford,Dearborn,MI,48100,3001 Miller Road,72840.6,34.25,40.83,high emitter
2015,Ford,SHARONVILLE,OH,45200,3000 SHARON ROAD,19757.2,9.25,11.32,low emitter
2015,Ford,Sterling Heights,MI,48300,39000 Mound Road,41489.1,19.5,23.24,low emitter
2015,Ford,Chicago,IL,60600,12600 S. Torrence Avenue,51584.6,24.25,28.91,high emitter
2015,Ford,FLAT ROCK,MI,48100,1 INTERNATIONAL DR.,63280.2,29.75,35.46,high emitter
2015,General Motors,MILFORD,MI,48300,3300 GENERAL MOTORS RD. MC 483-340-141,26863.6,12.75,15.2,low emitter
2015,General Motors,KANSAS CITY,KS,66100,3201 FAIRFAX TRFCWY.,53041.2,25,29.8,high emitter
2015,General Motors,ROANOKE,IN,46700,12200 LAFAYETTE CENTER RD,59721.7,82.5,161.22,high emitter
2015,General Motors,LANSING,MI,48900,8175 MILLETT HWY,45660.8,21.5,25.63,low emitter
2015,General Motors,BEDFORD,IN,47400,105 GM DRIVE,36404.1,11021.5,20.56,low emitter
2015,General Motors,WARREN,OH,44400,2300 HALLOCK YOUNG ROAD,67039.6,31.5,37.55,high emitter
2015,General Motors,DETROIT,MI,48200,2500 EAST GENERAL MOTORS BOULEVARD,13656.6,12,18.18,low emitter
2015,General Motors,SAGINAW,MI,48600,1629 NORTH WASHINGTON AVENUE,31148.9,7530,17.58,low emitter
2015,FCA,Belvidere,IL,61000,3000 West Chrysler Drive,75544,35.75,42.32,high emitter
2015,FCA,Auburn Hills,MI,48300,800 Chrysler Drive,51609,24.25,28.91,high emitter
2015,FCA,DETROIT,MI,48200,2101 CONNER AVENUE,79511,37.5,44.7,high emitter
2015,FCA,KOKOMO,IN,46900,1001 E. BOULEVARD,25133,11.75,14.01,low emitter
2015,FCA,KOKOMO,IN,46900,2401 S REED RD,27522,13,15.5,low emitter
2015,FCA,STERLING HTS,MI,48300,38111 VAN DYKE,59023,27.75,33.08,high emitter
2015,FCA,STERLING HEIGHTS,MI,48300,7150 METROPOLITAN PARKWAY,361,0.25,0.3,low emitter
2015,FCA,STERLING HEIGHTS,MI,48300,35777 VAN DYKE,10426,5,5.96,low emitter
2015,FCA,TOLEDO,OH,43600,4400 CHRYSLER DRIVE,89814,42.25,50.36,high emitter
2015,FCA,WARREN,MI,48000,22800 MOUND RD.,5202,2.5,2.98,low emitter
2015,FCA,WARREN,MI,48000,21500 MOUND ROAD,102996,48.5,57.81,high emitter
2015,FCA,Warren,MI,48000,21035 Sherwood Avenue,5284,2.5,2.98,low emitter
2015,Tesla,Fremont,CA,94500,45500 Fremont Boulevard,33938.9,16,19.07,low emitter
2015,GMC,ARLINGTON,TX,76000,2525 EAST ABRAM STREET,45480.3,21.5,25.63,low emitter
2014,Ford,Brook Park,OH,44100,18300 Snow Road,9599,4.5,5.36,low emitter
2014,Ford,Claycomo,MO,64100,8121 NE Highway 69,109240.1,51.5,61.39,high emitter
2014,Ford,Louisville,KY,40200,3001 Chamberlain Lane,83014.8,39,46.49,high emitter
2014,Ford,Livonia,MI,48100,36200 Plymouth Road,24753.9,11.75,14.01,low emitter
2014,Ford,Louisville,KY,40200,2000 Fern Valley Road,66354.4,31.25,37.25,high emitter
2014,Ford,Wayne,MI,48100,38303 Michigan Avenue,70964.4,50,78.97,high emitter
2014,Ford,AVON LAKE,OH,44000,650 MILLER ROAD,50950.7,24,28.61,high emitter
2014,Ford,Dearborn,MI,48100,2450 Carroll Shelby Way,80751.6,38,45.3,high emitter
2014,Ford,Dearborn,MI,48100,3001 Miller Road,67109.7,31.5,37.55,high emitter
2014,Ford,SHARONVILLE,OH,45200,3000 SHARON ROAD,25069.9,12,14.9,low emitter
2014,Ford,Sterling Heights,MI,48300,39000 Mound Road,57108.2,27,32.18,high emitter
2014,Ford,Chicago,IL,60600,12600 S. Torrence Avenue,57387.5,27,32.18,high emitter
2014,Ford,FLAT ROCK,MI,48100,1 INTERNATIONAL DR.,60108.5,28.25,33.67,high emitter
2014,General Motors,MILFORD,MI,48300,3300 GENERAL MOTORS RD. MC 483-340-141,28096.6,13.25,15.79,low emitter
2014,General Motors,KANSAS CITY,KS,66100,3201 FAIRFAX TRFCWY.,58240.6,27.5,32.78,high emitter
2014,General Motors,ROANOKE,IN,46700,12200 LAFAYETTE CENTER RD,64770.5,68,124.27,high emitter
2014,General Motors,LANSING,MI,48900,8175 MILLETT HWY,47107.2,22.25,26.52,high emitter
2014,General Motors,BEDFORD,IN,47400,105 GM DRIVE,36916,11470.75,20.86,low emitter
2014,General Motors,WARREN,OH,44400,2300 HALLOCK YOUNG ROAD,75040.5,35.25,42.02,high emitter
2014,General Motors,DETROIT,MI,48200,2500 EAST GENERAL MOTORS BOULEVARD,43744.9,101,172.54,low emitter
2014,General Motors,SAGINAW,MI,48600,1629 NORTH WASHINGTON AVENUE,34065.3,7826.5,19.07,low emitter
2014,FCA,Belvidere,IL,61000,3000 West Chrysler Drive,86682.72,86593.4,40.75,high emitter
2014,FCA,Auburn Hills,MI,48300,800 Chrysler Drive,51470.26,51417.1,24.25,high emitter
2014,FCA,DETROIT,MI,48200,2101 CONNER AVENUE,89523.31,89430.7,42.25,high emitter
2014,FCA,KOKOMO,IN,46900,1001 E. BOULEVARD,24215.11,24189.9,11.5,low emitter
2014,FCA,KOKOMO,IN,46900,2401 S REED RD,34931.07,34894.9,16.5,low emitter
2014,FCA,STERLING HTS,MI,48300,38111 VAN DYKE,78157.56,78077,36.75,high emitter
2014,FCA,STERLING HEIGHTS,MI,48300,7150 METROPOLITAN PARKWAY,417.95,417.4,0.25,low emitter
2014,FCA,STERLING HEIGHTS,MI,48300,35777 VAN DYKE,11412.11,11400.6,5.25,low emitter
2014,FCA,TOLEDO,OH,43600,4400 CHRYSLER DRIVE,96089.29,95990.1,45.25,high emitter
2014,FCA,WARREN,MI,48000,22800 MOUND RD.,6790.42,6783.3,3.25,low emitter
2014,FCA,WARREN,MI,48000,21500 MOUND ROAD,108523.19,108411.4,51,high emitter
2014,FCA,Warren,MI,48000,21035 Sherwood Avenue,6376.58,6370,3,low emitter
2014,Tesla,Fremont,CA,94500,45500 Fremont Boulevard,30765,14.5,17.28,low emitter
2014,GMC,ARLINGTON,TX,76000,2525 EAST ABRAM STREET,44476.4,21,25.03,low emitter
2013,Ford,Brook Park,OH,44100,18300 Snow Road,10774.5,5,5.96,low emitter
2013,Ford,Claycomo,MO,64100,8121 NE Highway 69,83603.3,39.5,47.08,high emitter
2013,Ford,Louisville,KY,40200,3001 Chamberlain Lane,77964.3,36.75,43.81,high emitter
2013,Ford,Livonia,MI,48100,36200 Plymouth Road,36606.8,17.25,20.56,low emitter
2013,Ford,Louisville,KY,40200,2000 Fern Valley Road,56493.5,26.5,31.59,high emitter
2013,Ford,Wayne,MI,48100,38303 Michigan Avenue,69423.3,52.25,84.93,high emitter
2013,Ford,AVON LAKE,OH,44000,650 MILLER ROAD,50378.5,23.75,28.31,high emitter
2013,Ford,Dearborn,MI,48100,1601 Village Road,78225.2,36.75,43.81,high emitter
2013,Ford,Dearborn,MI,48100,3001 Miller Road,66526.4,31.25,37.25,high emitter
2013,Ford,SHARONVILLE,OH,45200,3000 SHARON ROAD,24539.7,11.5,14.01,low emitter
2013,Ford,Sterling Heights,MI,48300,39000 Mound Road,51396.5,24.25,28.91,high emitter
2013,Ford,SAINT PAUL,MN,55100,966 S. MISSISSIPPI RIVER BLVD.,243.2,21.35,27.65,low emitter
2013,Ford,Chicago,IL,60600,12600 S. Torrence Avenue,56078,26.5,31.59,high emitter
2013,Ford,FLAT ROCK,MI,48100,1 INTERNATIONAL DR.,60961.9,28.75,34.27,high emitter
2013,General Motors,MILFORD,MI,48300,3300 GENERAL MOTORS RD. MC 483-340-141,27189.8,12.75,15.2,low emitter
2013,General Motors,KANSAS CITY,KS,66100,3201 FAIRFAX TRFCWY.,52692,24.75,29.5,high emitter
2013,General Motors,ROANOKE,IN,46700,12200 LAFAYETTE CENTER RD,56226.8,52.5,92.68,high emitter
2013,General Motors,LANSING,MI,48900,8175 MILLETT HWY,48781.2,23,27.42,high emitter
2013,General Motors,BEDFORD,IN,47400,105 GM DRIVE,36056.4,11937.75,20.26,low emitter
2013,General Motors,WARREN,OH,44400,2300 HALLOCK YOUNG ROAD,70034.3,33,39.34,high emitter
2013,General Motors,DETROIT,MI,48200,2500 EAST GENERAL MOTORS BOULEVARD,84920,213.75,368.33,high emitter
2013,General Motors,SAGINAW,MI,48600,1629 NORTH WASHINGTON AVENUE,29699.8,8131.75,16.69,low emitter
2013,FCA,Belvidere,IL,61000,3000 West Chrysler Drive,93963,44.25,52.75,high emitter
2013,FCA,Auburn Hills,MI,48300,800 Chrysler Drive,48732,23,27.42,high emitter
2013,FCA,DETROIT,MI,48200,2101 CONNER AVENUE,84434,39.75,47.38,high emitter
2013,FCA,KOKOMO,IN,46900,1001 E. BOULEVARD,23954,11.25,13.41,low emitter
2013,FCA,KOKOMO,IN,46900,2401 S REED RD,37379,17.75,20.86,low emitter
2013,FCA,STERLING HTS,MI,48300,38111 VAN DYKE,81350,38.25,45.59,high emitter
2013,FCA,STERLING HEIGHTS,MI,48300,7150 METROPOLITAN PARKWAY,462,0.25,0.3,low emitter
2013,FCA,STERLING HEIGHTS,MI,48300,35777 VAN DYKE,10336,5,5.96,low emitter
2013,FCA,TOLEDO,OH,43600,4400 CHRYSLER DRIVE,75359,35.5,42.32,high emitter
2013,FCA,WARREN,MI,48000,22800 MOUND RD.,6341,3,3.58,low emitter
2013,FCA,WARREN,MI,48000,21500 MOUND ROAD,105701,49.75,59.3,high emitter
2013,FCA,Warren,MI,48000,21035 Sherwood Avenue,5846,2.75,3.28,low emitter
2013,Tesla,Fremont,CA,94500,45500 Fremont Boulevard,28960.3,13.75,16.39,low emitter
2013,GMC,ARLINGTON,TX,76000,2525 EAST ABRAM STREET,48831.6,22.5,29.8,high emitter
2012,Ford,Brook Park,OH,44100,18300 Snow Road,12901.85,6.08,7.25,low emitter
2012,Ford,Claycomo,MO,64100,8121 NE Highway 69,66445.39,31.33,37.35,high emitter
2012,Ford,Louisville,KY,40200,3001 Chamberlain Lane,73162.66,34.5,41.12,high emitter
2012,Ford,Livonia,MI,48100,36200 Plymouth Road,27317.13,12.88,15.35,low emitter
2012,Ford,Louisville,KY,40200,2000 Fern Valley Road,42047.42,19.83,23.63,low emitter
2012,Ford,Wayne,MI,48100,38303 Michigan Avenue,62324.32,51.62,87.22,high emitter
2012,Ford,AVON LAKE,OH,44000,650 MILLER ROAD,44799.86,21.12,25.18,low emitter
2012,Ford,Dearborn,MI,48100,1601 Village Road,68238.64,32.18,38.35,high emitter
2012,Ford,Dearborn,MI,48100,3001 Miller Road,57744.09,27.23,32.46,high emitter
2012,Ford,SHARONVILLE,OH,45200,3000 SHARON ROAD,22146.15,10.44,12.45,low emitter
2012,Ford,Sterling Heights,MI,48300,39000 Mound Road,45457.2,21.43,25.55,low emitter
2012,Ford,SAINT PAUL,MN,55100,966 S. MISSISSIPPI RIVER BLVD.,4868.36,2.3,2.74,low emitter
2012,Ford,Chicago,IL,60600,12600 S. Torrence Avenue,46552.14,21.95,26.17,low emitter
2012,Ford,FLAT ROCK,MI,48100,1 INTERNATIONAL DR.,53956.85,25.44,30.33,high emitter
2012,General Motors,MILFORD,MI,48300,3300 GENERAL MOTORS RD. MC 483-340-141,23595.3,11,13.11,low emitter
2012,General Motors,KANSAS CITY,KS,66100,3201 FAIRFAX TRFCWY.,49119.2,23.25,27.71,high emitter
2012,General Motors,ROANOKE,IN,46700,12200 LAFAYETTE CENTER RD,58435.8,44.75,73.01,high emitter
2012,General Motors,LANSING,MI,48900,8175 MILLETT HWY,36549.7,17.25,20.56,low emitter
2012,General Motors,BEDFORD,IN,47400,105 GM DRIVE,31009.6,12476.25,16.39,low emitter
2012,General Motors,WARREN,OH,44400,2300 HALLOCK YOUNG ROAD,63699.4,30,59.9,high emitter
2012,General Motors,DETROIT,MI,48200,2500 EAST GENERAL MOTORS BOULEVARD,70741,176,302.47,high emitter
2012,General Motors,SAGINAW,MI,48600,1629 NORTH WASHINGTON AVENUE,39975.8,4607.75,22.35,low emitter
2012,General Motors,Lake Orion,MI,48300,4555 Giddings Road,23793.3,31.25,60.2,low emitter
2012,General Motors,Wentzville,MO,63300,1500 East Route A,125678.8,326.5,562.92,high emitter
2012,FCA,Belvidere,IL,61000,3000 West Chrysler Drive,85041,40,47.68,high emitter
2012,FCA,Auburn Hills,MI,48300,800 Chrysler Drive,44975,21.25,25.33,low emitter
2012,FCA,DETROIT,MI,48200,2101 CONNER AVENUE,70503,33.25,39.63,high emitter
2012,FCA,KOKOMO,IN,46900,1001 E. BOULEVARD,20758,9.75,11.62,low emitter
2012,FCA,KOKOMO,IN,46900,2401 S REED RD,35568,17,20.86,low emitter
2012,FCA,STERLING HTS,MI,48300,38111 VAN DYKE,66537,31.5,37.25,high emitter
2012,FCA,STERLING HEIGHTS,MI,48300,7150 METROPOLITAN PARKWAY,387,0.25,0.3,low emitter
2012,FCA,STERLING HEIGHTS,MI,48300,35777 VAN DYKE,8969,4.25,5.07,low emitter
2012,FCA,TOLEDO,OH,43600,4400 CHRYSLER DRIVE,64056,30.25,36.06,high emitter
2012,FCA,WARREN,MI,48000,22800 MOUND RD.,6183,3,3.58,low emitter
2012,FCA,WARREN,MI,48000,21500 MOUND ROAD,90470,42.75,50.96,high emitter
2012,FCA,Warren,MI,48000,21035 Sherwood Avenue,4457,2,2.38,low emitter
2012,GMC,ARLINGTON,TX,76000,2525 EAST ABRAM STREET,54742.6,25,29.8,high emitter
2011,Ford,Brook Park,OH,44100,18300 Snow Road,21109.01,9.95,11.86,low emitter
2011,Ford,Claycomo,MO,64100,8121 NE Highway 69,88975.97,41.95,50.01,high emitter
2011,Ford,Louisville,KY,40200,3001 Chamberlain Lane,75527.77,35.61,42.45,high emitter
2011,Ford,Livonia,MI,48100,36200 Plymouth Road,32986.83,15.55,18.54,low emitter
2011,Ford,Louisville,KY,40200,2000 Fern Valley Road,19095.81,9,10.73,low emitter
2011,Ford,Wayne,MI,48100,38303 Michigan Avenue,64501.68,52.39,87.87,high emitter
2011,Ford,AVON LAKE,OH,44000,650 MILLER ROAD,53091.15,25.03,29.84,high emitter
2011,Ford,Dearborn,MI,48100,1601 Village Road,74103.1,34.94,41.65,high emitter
2011,Ford,Dearborn,MI,48100,3001 Miller Road,60949.74,28.74,34.26,high emitter
2011,Ford,SHARONVILLE,OH,45200,3000 SHARON ROAD,25680.49,12.15,14.56,low emitter
2011,Ford,Sterling Heights,MI,48300,39000 Mound Road,49742.93,23.45,27.96,high emitter
2011,Ford,SAINT PAUL,MN,55100,966 S. MISSISSIPPI RIVER BLVD.,35462.96,16.76,20.06,low emitter
2011,Ford,Chicago,IL,60600,12600 S. Torrence Avenue,46916.28,22.13,26.39,high emitter
2011,Ford,FLAT ROCK,MI,48100,1 INTERNATIONAL DR.,53646.33,25.3,30.15,high emitter
2011,General Motors,MILFORD,MI,48300,3300 GENERAL MOTORS RD. MC 483-340-141,25295.7,12,14.6,low emitter
2011,General Motors,KANSAS CITY,KS,66100,3201 FAIRFAX TRFCWY.,50074.8,23.5,28.01,high emitter
2011,General Motors,ROANOKE,IN,46700,12200 LAFAYETTE CENTER RD,65551.2,51,83.74,high emitter
2011,General Motors,LANSING,MI,48900,8175 MILLETT HWY,42973.5,20.25,24.14,low emitter
2011,General Motors,BEDFORD,IN,47400,105 GM DRIVE,32425.5,12854.25,18.18,low emitter
2011,General Motors,WARREN,OH,44400,2300 HALLOCK YOUNG ROAD,72009.7,34,40.53,high emitter
2011,General Motors,DETROIT,MI,48200,2500 EAST GENERAL MOTORS BOULEVARD,85102.8,215.5,370.71,high emitter
2011,General Motors,SAGINAW,MI,48600,1629 NORTH WASHINGTON AVENUE,48404.7,8729.5,27.12,high emitter
2011,General Motors,Kokomo,IN,46900,2100 E. Lincoln Road,16540,7.75,625.8,low emitter
2011,General Motors,Wentzville,MO,63300,1500 East Route A,112037,294.25,507.49,high emitter
2011,FCA,Belvidere,IL,61000,3000 West Chrysler Drive,78517,37,44.1,high emitter
2011,FCA,Auburn Hills,MI,48300,800 Chrysler Drive,46826,22,26.22,high emitter
2011,FCA,DETROIT,MI,48200,2101 CONNER AVENUE,73390,34.5,41.12,high emitter
2011,FCA,KOKOMO,IN,46900,1001 E. BOULEVARD,20544,9.75,11.62,low emitter
2011,FCA,KOKOMO,IN,46900,2401 S REED RD,39158,20.25,28.01,low emitter
2011,FCA,STERLING HTS,MI,48300,38111 VAN DYKE,67820,32,38.14,high emitter
2011,FCA,STERLING HEIGHTS,MI,48300,7150 METROPOLITAN PARKWAY,500,0.25,0.3,low emitter
2011,FCA,STERLING HEIGHTS,MI,48300,35777 VAN DYKE,12819,6,7.15,low emitter
2011,FCA,TOLEDO,OH,43600,4400 CHRYSLER DRIVE,78317,37,44.1,high emitter
2011,FCA,WARREN,MI,48000,22800 MOUND RD.,5293,2.5,2.98,low emitter
2011,FCA,WARREN,MI,48000,21500 MOUND ROAD,93425,44,52.45,high emitter
2011,FCA,Warren,MI,48000,21035 Sherwood Avenue,5762,2.75,3.28,low emitter
2011,GMC,ARLINGTON,TX,76000,2525 EAST ABRAM STREET,53133.3,25,29.8,high emitter
2010,Ford,Brook Park,OH,44100,18300 Snow Road,83182.8,88.85,138.57,high emitter
2010,Ford,Claycomo,MO,64100,8121 NE Highway 69,92368.5,43.55,51.85,high emitter
2010,Ford,Louisville,KY,40200,3001 Chamberlain Lane,71972.1,33.93,40.53,high emitter
2010,Ford,Livonia,MI,48100,36200 Plymouth Road,35241.5,16.63,19.82,low emitter
2010,Ford,Louisville,KY,40200,2000 Fern Valley Road,36564.1,17.25,20.56,low emitter
2010,Ford,Wayne,MI,48100,38303 Michigan Avenue,54360.5,46.23,79.05,high emitter
2010,Ford,AVON LAKE,OH,44000,650 MILLER ROAD,51902,24.48,29.17,high emitter
2010,Ford,Dearborn,MI,48100,1601 Village Road,74962.7,35.35,42.02,high emitter
2010,Ford,Dearborn,MI,48100,3001 Miller Road,62425.6,29.43,35.17,high emitter
2010,Ford,SHARONVILLE,OH,45200,3000 SHARON ROAD,29501.5,13.99,16.81,low emitter
2010,Ford,Sterling Heights,MI,48300,39000 Mound Road,49529.5,23.35,27.83,high emitter
2010,Ford,SAINT PAUL,MN,55100,966 S. MISSISSIPPI RIVER BLVD.,30505.4,14.42,17.28,low emitter
2010,Ford,Chicago,IL,60600,12600 S. Torrence Avenue,38019.1,17.94,21.39,low emitter
2010,Ford,FLAT ROCK,MI,48100,1 INTERNATIONAL DR.,47541.1,22.43,26.73,high emitter
2010,General Motors,KANSAS CITY,KS,66100,3201 FAIRFAX TRFCWY.,56143.2,26.5,31.59,high emitter
2010,General Motors,ROANOKE,IN,46700,12200 LAFAYETTE CENTER RD,75744.3,51,86.72,high emitter
2010,General Motors,LANSING,MI,48900,8175 MILLETT HWY,40978.1,19.25,22.95,low emitter
2010,General Motors,BEDFORD,IN,47400,105 GM DRIVE,34441.6,16.25,19.37,low emitter
2010,General Motors,WARREN,OH,44400,2300 HALLOCK YOUNG ROAD,66920.4,31.5,37.55,high emitter
2010,General Motors,DETROIT,MI,48200,2500 EAST GENERAL MOTORS BOULEVARD,87548.5,219,376.67,high emitter
2010,General Motors,SAGINAW,MI,48600,1629 NORTH WASHINGTON AVENUE,50684.4,24,28.61,high emitter
2010,General Motors,Wentzville,MO,63300,1500 East Route A,106527.58,105770.1,278,high emitter
2010,FCA,Belvidere,IL,61000,3000 West Chrysler Drive,68218,32.25,38.44,high emitter
2010,FCA,Auburn Hills,MI,48300,800 Chrysler Drive,40998,19.25,22.95,low emitter
2010,FCA,DETROIT,MI,48200,2101 CONNER AVENUE,62826,29.5,35.16,high emitter
2010,FCA,KOKOMO,IN,46900,1001 E. BOULEVARD,26855,12.75,15.2,low emitter
2010,FCA,KOKOMO,IN,46900,2401 S REED RD,37466,18,22.35,low emitter
2010,FCA,STERLING HTS,MI,48300,38111 VAN DYKE,58876,27.75,33.08,high emitter
2010,FCA,STERLING HEIGHTS,MI,48300,7150 METROPOLITAN PARKWAY,414,0.25,0.3,low emitter
2010,FCA,STERLING HEIGHTS,MI,48300,35777 VAN DYKE,10626,5,5.96,low emitter
2010,FCA,TOLEDO,OH,43600,4400 CHRYSLER DRIVE,53610,25.25,30.1,high emitter
2010,FCA,WARREN,MI,48000,22800 MOUND RD.,5625,2.75,3.28,low emitter
2010,FCA,WARREN,MI,48000,21500 MOUND ROAD,90778,42.75,50.96,high emitter
2010,FCA,Warren,MI,48000,21035 Sherwood Avenue,5413,2.5,2.98,low emitter
2010,GMC,ARLINGTON,TX,76000,2525 EAST ABRAM STREET,56037.8,26.5,31.59,high emitter
